QUESTION,ANSWER,DATE,TIME
what is c?,c is procedure oriented programming langauge which is simple and flexible,23/07/2008,12:50:42
Are coding interviews hard?,Generally difficult because the interviewer wants to hire the best of the best,12/2/1998,4:34:45
what is logic in computer programming?,It is computer programming paradigm in which program statements express facts and rules about problems,3/1/2019,6:25:56
How is logic used in programing?, The idea is by specifying what programes should do and not how they should do it,4/4/1999,3:02:24
