SIN,APPS,DATE,REVIEWS
1,Amazon,2/3/2009,This is good app
,Amazon,3/10/2006,This is very useful app
,Amazon,9/8/2018,very bad experience
,Amazon,10/6/2019,Best app for shopping
,Amazon,4/5/2019,products quality is not good
,Amazon,7/6/2019,app is too slow for normal users
,Amazon,8/8/2019,I honestly don?t like your applications but your service is the best
,Amazon,9/7/2019,Needs some improvements
,Amazon,9/5/2018,Please make you?re application user friendly
,Amazon,4/6/2019,It?s a great experience to shop on Amazon
2,Phonepe,2/4/2018,Just love phonepe
,Phonepe,3/2/2018,The app is not letting me operate anything as soon as I open app
,Phonepe,8/5/2018,Overall fantastic app
,Phonepe,3/5/2019,Trusted way of payment
,Phonepe,5/6/2019,If transactions cancelled they will return your money
,Phonepe,8/6/2019,During payment by scanning it is not esponding
,Phonepe,5/8/2019,I am using this app for more than one year my experience was very good but now it became very slow
,Phonepe,8/8/2019,Most of the time it will work fast
